timestamp,stage,model,sparsity,format,file_kb,reload_identical,bits,scheme,macro_f1,agreement,max_abs_error,log_range,batch_ms_per_doc,warm_single_ms_median,warm_single_ms_p95,cold_single_ms_median,cold_single_ms_max,cold_over_warm,single_over_batch
2026-09-30T23:03:57+00:00,disk,logreg,0.0,joblib,625.97,True,,,,,,,,,,,,,
2026-09-30T23:03:57+00:00,disk,logreg,0.0,joblib_compressed,597.49,True,,,,,,,,,,,,,
2026-09-30T23:03:57+00:00,disk,logreg,0.0,sparse_npz,770.6,True,,,,,,,,,,,,,
2026-09-30T23:03:57+00:00,disk,logreg,0.5,joblib,625.97,True,,,,,,,,,,,,,
2026-09-30T23:03:57+00:00,disk,logreg,0.5,joblib_compressed,326.96,True,,,,,,,,,,,,,
2026-09-30T23:03:57+00:00,disk,logreg,0.5,sparse_npz,389.04,True,,,,,,,,,,,,,
2026-09-30T23:03:57+00:00,disk,logreg,0.7,joblib,625.97,True,,,,,,,,,,,,,
2026-09-30T23:03:57+00:00,disk,logreg,0.7,joblib_compressed,206.1,True,,,,,,,,,,,,,
2026-09-30T23:03:57+00:00,disk,logreg,0.7,sparse_npz,224.75,True,,,,,,,,,,,,,
2026-09-30T23:03:57+00:00,disk,logreg,0.8,joblib,625.97,True,,,,,,,,,,,,,
2026-09-30T23:03:57+00:00,disk,logreg,0.8,joblib_compressed,142.13,True,,,,,,,,,,,,,
2026-09-30T23:03:57+00:00,disk,logreg,0.8,sparse_npz,150.14,True,,,,,,,,,,,,,
2026-09-30T23:03:57+00:00,disk,logreg,0.9,joblib,625.97,True,,,,,,,,,,,,,
2026-09-30T23:03:57+00:00,disk,logreg,0.9,joblib_compressed,75.29,True,,,,,,,,,,,,,
2026-09-30T23:03:57+00:00,disk,logreg,0.9,sparse_npz,76.23,True,,,,,,,,,,,,,
2026-09-30T23:03:57+00:00,disk,logreg,0.95,joblib,625.97,True,,,,,,,,,,,,,
2026-09-30T23:03:57+00:00,disk,logreg,0.95,joblib_compressed,39.92,True,,,,,,,,,,,,,
2026-09-30T23:03:57+00:00,disk,logreg,0.95,sparse_npz,39.07,True,,,,,,,,,,,,,
2026-09-30T23:03:57+00:00,disk,logreg,0.99,joblib,625.97,True,,,,,,,,,,,,,
2026-09-30T23:03:57+00:00,disk,logreg,0.99,joblib_compressed,9.78,True,,,,,,,,,,,,,
2026-09-30T23:03:57+00:00,disk,logreg,0.99,sparse_npz,8.94,True,,,,,,,,,,,,,
2026-09-30T23:04:15+00:00,disk,linear_svm,0.0,joblib,625.86,True,,,,,,,,,,,,,
2026-09-30T23:04:15+00:00,disk,linear_svm,0.0,joblib_compressed,596.97,True,,,,,,,,,,,,,
2026-09-30T23:04:15+00:00,disk,linear_svm,0.0,sparse_npz,770.15,True,,,,,,,,,,,,,
2026-09-30T23:04:15+00:00,disk,linear_svm,0.5,joblib,625.86,True,,,,,,,,,,,,,
2026-09-30T23:04:15+00:00,disk,linear_svm,0.5,joblib_compressed,326.49,True,,,,,,,,,,,,,
2026-09-30T23:04:15+00:00,disk,linear_svm,0.5,sparse_npz,388.39,True,,,,,,,,,,,,,
2026-09-30T23:04:15+00:00,disk,linear_svm,0.7,joblib,625.86,True,,,,,,,,,,,,,
2026-09-30T23:04:15+00:00,disk,linear_svm,0.7,joblib_compressed,205.64,True,,,,,,,,,,,,,
2026-09-30T23:04:15+00:00,disk,linear_svm,0.7,sparse_npz,223.87,True,,,,,,,,,,,,,
2026-09-30T23:04:15+00:00,disk,linear_svm,0.8,joblib,625.86,True,,,,,,,,,,,,,
2026-09-30T23:04:15+00:00,disk,linear_svm,0.8,joblib_compressed,141.81,True,,,,,,,,,,,,,
2026-09-30T23:04:15+00:00,disk,linear_svm,0.8,sparse_npz,149.52,True,,,,,,,,,,,,,
2026-09-30T23:04:15+00:00,disk,linear_svm,0.9,joblib,625.86,True,,,,,,,,,,,,,
2026-09-30T23:04:15+00:00,disk,linear_svm,0.9,joblib_compressed,75.08,True,,,,,,,,,,,,,
2026-09-30T23:04:16+00:00,disk,linear_svm,0.9,sparse_npz,75.74,True,,,,,,,,,,,,,
2026-09-30T23:04:16+00:00,disk,linear_svm,0.95,joblib,625.86,True,,,,,,,,,,,,,
2026-09-30T23:04:16+00:00,disk,linear_svm,0.95,joblib_compressed,39.76,True,,,,,,,,,,,,,
2026-09-30T23:04:16+00:00,disk,linear_svm,0.95,sparse_npz,38.64,True,,,,,,,,,,,,,
2026-09-30T23:04:16+00:00,disk,linear_svm,0.99,joblib,625.86,True,,,,,,,,,,,,,
2026-09-30T23:04:16+00:00,disk,linear_svm,0.99,joblib_compressed,9.71,True,,,,,,,,,,,,,
2026-09-30T23:04:16+00:00,disk,linear_svm,0.99,sparse_npz,8.88,True,,,,,,,,,,,,,
2026-09-30T23:04:17+00:00,nbquant,naive_bayes,,,,,32,none,0.8939,1.0,0.0,-14.42 to -4.88,,,,,,,
2026-09-30T23:04:17+00:00,nbquant,naive_bayes,,,,,8,symmetric,0.8943,0.9983,0.0568,,,,,,,,
2026-09-30T23:04:17+00:00,nbquant,naive_bayes,,,,,8,asymmetric,0.1,0.2447,0.0187,,,,,,,,
2026-09-30T23:04:17+00:00,nbquant,naive_bayes,,,,,8,per_class,0.1,0.2447,0.0186,,,,,,,,
2026-09-30T23:04:17+00:00,nbquant,naive_bayes,,,,,8,quantile,0.8937,0.9966,1.5523,,,,,,,,
2026-09-30T23:04:17+00:00,nbquant,naive_bayes,,,,,6,symmetric,0.8961,0.9912,0.2326,,,,,,,,
2026-09-30T23:04:18+00:00,nbquant,naive_bayes,,,,,6,asymmetric,0.1,0.2447,0.0757,,,,,,,,
2026-09-30T23:04:18+00:00,nbquant,naive_bayes,,,,,6,per_class,0.1,0.2447,0.0754,,,,,,,,
2026-09-30T23:04:18+00:00,nbquant,naive_bayes,,,,,6,quantile,0.8935,0.9926,2.3052,,,,,,,,
2026-09-30T23:04:18+00:00,nbquant,naive_bayes,,,,,4,symmetric,0.8872,0.9696,1.03,,,,,,,,
2026-09-30T23:04:18+00:00,nbquant,naive_bayes,,,,,4,asymmetric,0.1,0.2447,0.318,,,,,,,,
2026-09-30T23:04:18+00:00,nbquant,naive_bayes,,,,,4,per_class,0.1,0.2447,0.3167,,,,,,,,
2026-09-30T23:04:18+00:00,nbquant,naive_bayes,,,,,4,quantile,0.8929,0.9851,3.2222,,,,,,,,
2026-09-30T23:04:18+00:00,nbquant,naive_bayes,,,,,3,symmetric,0.866,0.9257,2.4032,,,,,,,,
2026-09-30T23:04:18+00:00,nbquant,naive_bayes,,,,,3,asymmetric,0.1,0.2447,0.6815,,,,,,,,
2026-09-30T23:04:18+00:00,nbquant,naive_bayes,,,,,3,per_class,0.1,0.2447,0.6787,,,,,,,,
2026-09-30T23:04:18+00:00,nbquant,naive_bayes,,,,,3,quantile,0.8893,0.9764,3.7304,,,,,,,,
2026-09-30T23:04:23+00:00,latency,naive_bayes,,,,,,,,,,,0.00065,0.6235,1.5739,1.0405,1.9683,1.67,958.3
2026-09-30T23:04:43+00:00,latency,logreg,,,,,,,,,,,0.00027,0.231,0.3349,0.5167,1.0417,2.24,847.7
2026-09-30T23:05:02+00:00,latency,linear_svm,,,,,,,,,,,0.00031,0.0776,0.1308,0.3262,0.5973,4.2,249.0
